Link Name,Center of Mass X,Center of Mass Y,Center of Mass Z,Center of Mass Roll,Center of Mass Pitch,Center of Mass Yaw,Mass,Moment Ixx,Moment Ixy,Moment Ixz,Moment Iyy,Moment Iyz,Moment Izz,Visual X,Visual Y,Visual Z,Visual Roll,Visual Pitch,Visual Yaw,Mesh Filename,Color Red,Color Green,Color Blue,Color Alpha,Collision X,Collision Y,Collision Z,Collision Roll,Collision Pitch,Collision Yaw,Collision Mesh Filename,Material Name,SW Components,Coordinate System,Axis Name,Joint Name,Joint Type,Joint Origin X,Joint Origin Y,Joint Origin Z,Joint Origin Roll,Joint Origin Pitch,Joint Origin Yaw,Parent,Joint Axis X,Joint Axis Y,Joint Axis Z,Limit Effort,Limit Velocity,Limit Lower,Limit Upper,Calibration rising,Calibration falling,Dynamics Damping,Dynamics Friction,Safety Soft Upper,Safety Soft Lower,Safety K Position,Safety K Velocity
base_link,0.000197610035877371,0.0760103738713844,-0.0175132582821369,0,0,0,42.574302301868,2.14420836568467,-0.000285795793859023,-0.0210055383039536,3.46278641737793,0.0968981776575418,1.82517986338898,0,0,0,0,0,0,package://robot_pick_robot11/meshes/base_link.STL,1,1,1,1,0,0,0,0,0,0,package://robot_pick_robot11/meshes/base_link.STL,,incrustation-1;DOBOT CR5Model (2)-1/BASE__5_CR5-MODLE(2)_CR5-MODLE-1;central-1,axis1,,,,0,0,0,0,0,0,,0,0,0,,,,,,,,,,,,
f1_steer_link,-0.279123947150593,-0.154201072994857,0.493740760495361,0,0,0,104.717379102326,32.6927710662306,-0.336167893480939,3.9857961017707,34.1891615793239,1.74076499711631,17.8238166188085,0,0,0,0,0,0,package://robot_pick_robot11/meshes/f1_steer_link.STL,0.866666666666667,0.909803921568627,1,1,0,0,0,0,0,0,package://robot_pick_robot11/meshes/f1_steer_link.STL,,MRT97.00161-1/TV188 NEW1-1,Origin_f1_steer_joint,基准轴5 <MRT97.00161-1>,f1_steer_joint,revolute,0.12303,-0.233,0.2285,-1.5708,-1.5652,0,base_link,0,0,-1,10,2,-3.1416,3.1416,,,0.1,0.05,,,,
f1_wheel_link,-6.66133814775094E-16,0.0535387969241309,-8.88178419700125E-16,0,0,0,5.5314194475936,0.0283624620972141,-2.49176764291481E-16,-3.46944695195361E-18,0.0480754421884309,-2.70467784453665E-16,0.0283624620972141,0,0,0,0,0,0,package://robot_pick_robot11/meshes/f1_wheel_link.STL,0.298039215686275,0.298039215686275,0.298039215686275,1,0,0,0,0,0,0,package://robot_pick_robot11/meshes/f1_wheel_link.STL,,MRT97.00161-1/wheel-1,Origin_f1_wheel_joint,基准轴6 <MRT97.00161-1>,f1_wheel_joint,continuous,0,0,0,0,0.8213,0,f1_steer_link,0,1,0,20,2,-3.1416,3.1416,,,0.1,0.05,,,,
f2_steer_joint,0.272180179465958,-0.0887429147080635,0.493740760495361,0,0,0,104.717379102326,32.7005428100472,-0.352956111043268,-3.96591205312127,34.1813898355073,-1.78560211888965,17.8238166188085,0,0,0,0,0,0,package://robot_pick_robot11/meshes/f2_steer_joint.STL,0.866666666666667,0.909803921568627,1,1,0,0,0,0,0,0,package://robot_pick_robot11/meshes/f2_steer_joint.STL,,MRT97.00161-3/TV188 NEW1-1,Origin_f2_steer_joint,基准轴5 <MRT97.00161-3>,f2_steer_joint,revolute,-0.123023158403879,-0.233000000000041,0.221927759440566,-1.5707963267951,1.56515770851363,0,base_link,0,0,-1,10,2,-3.1416,3.1416,,,0.1,0.05,,,,
f2_wheel_link,2.22044604925031E-16,0.0535387969241308,6.66133814775094E-16,0,0,0,5.5314194475936,0.0283624620972141,1.67034897198548E-16,3.46944695195361E-18,0.0480754421884309,2.0925779555328E-16,0.0283624620972141,0,0,0,0,0,0,package://robot_pick_robot11/meshes/f2_wheel_link.STL,0.298039215686275,0.298039215686275,0.298039215686275,1,0,0,0,0,0,0,package://robot_pick_robot11/meshes/f2_wheel_link.STL,,MRT97.00161-3/wheel-1,Origin_f2_wheel_joint,基准轴6 <MRT97.00161-3>,f2_wheel_joint,continuous,0,0,0,0,0.8213,0,f2_steer_joint,0,-1,0,20,2,-3.1416,3.1416,,,0.1,0.05,,,,
r1_steer_link,0.17084366048026,-0.154201072994831,0.493740760495332,0,0,0,104.717379102326,32.6927710662306,-0.336167893480703,3.98579610177067,34.1891615793241,1.7407649971153,17.8238166188083,0,0,0,0,0,0,package://robot_pick_robot11/meshes/r1_steer_link.STL,0.866666666666667,0.909803921568627,1,1,0,0,0,0,0,0,package://robot_pick_robot11/meshes/r1_steer_link.STL,,MRT97.00161-2/TV188 NEW1-1,Origin_r1_steer_joint,基准轴5 <MRT97.00161-2>,r1_steer_joint,revolute,0.120488362163907,-0.233000000000001,-0.221458129368205,-1.57079632679483,-1.56515770860955,0,base_link,0,0,-1,10,2,-3.1416,3.1416,,,0.1,0.05,,,,
r1_wheel_link,2.22044604925031E-16,0.0535387969241309,2.22044604925031E-16,0,0,0,5.5314194475936,0.0283624620972141,2.57023677514845E-17,6.07153216591882E-18,0.0480754421884309,6.4997920240506E-17,0.0283624620972141,0,0,0,0,0,0,package://robot_pick_robot11/meshes/r1_wheel_link.STL,0.298039215686275,0.298039215686275,0.298039215686275,1,0,0,0,0,0,0,package://robot_pick_robot11/meshes/r1_wheel_link.STL,,MRT97.00161-2/wheel-1,Origin_r1_wheel_joint,基准轴6 <MRT97.00161-2>,r1_wheel_joint,continuous,0,0,0,0,0.8213,0,r1_steer_link,0,1,0,20,2,-3.1416,3.1416,,,0.1,0.05,,,,
r2_steer_link,-0.265787428164883,-0.212886569496778,0.455635642716856,0,0,0,104.717379102326,32.7005428100472,-0.352956111044005,-3.96591205312115,34.1813898355066,-1.78560211889258,17.8238166188091,0,0,0,0,0,0,package://robot_pick_robot11/meshes/r2_steer_link.STL,0.866666666666667,0.909803921568627,1,1,0,0,0,0,0,0,package://robot_pick_robot11/meshes/r2_steer_link.STL,,MRT97.00161-4/TV188 NEW1-1,Origin_r2_steer_joint,基准轴5 <MRT97.00161-4>,r2_steer_joint,revolute,-0.244131461772017,-0.1948948822215,-0.316731291109656,-1.57079632679473,1.56515770851357,0,base_link,0,0,-1,10,2,-3.1416,3.1416,,,0.1,0.05,,,,
r2_wheel_link,-2.22044604925031E-16,0.0535387969241308,-2.22044604925031E-16,0,0,0,5.5314194475936,0.0283624620972141,-9.79373374933312E-17,-8.67361737988404E-18,0.0480754421884309,-1.28715126664763E-16,0.0283624620972141,0,0,0,0,0,0,package://robot_pick_robot11/meshes/r2_wheel_link.STL,0.298039215686275,0.298039215686275,0.298039215686275,1,0,0,0,0,0,0,package://robot_pick_robot11/meshes/r2_wheel_link.STL,,MRT97.00161-4/wheel-1,Origin_r2_wheel_joint,基准轴6 <MRT97.00161-4>,r2_wheel_joint,continuous,-0.088,-0.12414,-0.038105,0,0.8213,0,r2_steer_link,0,-1,0,20,0,-3.1416,3.1416,,,0.1,0.05,,,,
mid360_Link,0.00340747940546549,0.442350202628433,-0.396759378178018,0,0,0,0.141886777754482,4.507764653165E-05,5.8921312498008E-08,8.24694405577648E-09,6.68381603942182E-05,-7.01486100567329E-06,4.37585906933259E-05,0,0,0,0,0,0,package://robot_pick_robot11/meshes/mid360_Link.STL,0.752941176470588,0.752941176470588,0.752941176470588,1,0,0,0,0,0,0,package://robot_pick_robot11/meshes/mid360_Link.STL,,mid-360-asm-1,axis1,,mid360_joint,fixed,0,0,0,0,0,0,base_link,0,0,0,,,,,,,,,,,,
tomato_box_link,3.15963239799766E-06,0.307498460415917,0.171352664376548,0,0,0,5.58008663179682,0.15883791860749,-3.34204564985563E-07,-1.18118878272742E-06,0.380887220475026,-2.1838975637969E-07,0.299427275249588,0,0,0,0,0,0,package://robot_pick_robot11/meshes/tomato_box_link.STL,1,1,1,1,0,0,0,0,0,0,package://robot_pick_robot11/meshes/tomato_box_link.STL,,Canasto 03-1,axis1,,tomato_box_joint,fixed,0,0,0,0,0,0,base_link,0,0,0,,,,,,,,,,,,
arm_link1,0.00325782028246324,-3.79312759646311E-07,0.0688238930189023,0,0,0,4.35314235396732,0.00761145019579333,3.78996008068285E-08,-0.00119047304074358,0.00786264926859649,3.27167337546458E-07,0.00886545428885568,0,0,0,0,0,0,package://robot_pick_robot11/meshes/arm_link1.STL,0.866666666666667,0.909803921568627,1,1,0,0,0,0,0,0,package://robot_pick_robot11/meshes/arm_link1.STL,,DOBOT CR5Model (2)-1/25-JIONT_ASM_4_ASM_CR5-MODLE(2)_CR5-MODLE-1/25-BODY_5_25-JIONT_ASM_4_ASM_CR5-MODLE(2)_CR5-MODLE-1;DOBOT CR5Model (2)-1/25-JIONT_ASM_4_ASM_CR5-MODLE(2)_CR5-MODLE-1/25-COVER_5_25-JIONT_ASM_4_ASM_CR5-MODLE(2)_CR5-MODLE-1;DOBOT CR5Model (2)-1/25-JIONT_ASM_4_ASM_CR5-MODLE(2)_CR5-MODLE-1/25-TRIM_4_25-JIONT_ASM_4_ASM_CR5-MODLE(2)_CR5-MODLE-1,Origin_arm_joint1,基准轴10 <DOBOT CR5Model (2)-1>,arm_joint1,revolute,0,0.455089999999944,-0.179980351558368,1.5707963267949,0,3.14159265358979,base_link,0,0,1,90,2,-3.1416,3.1416,,,0.1,0.05,,,,
arm_link2,-0.0720194634339975,0.213510006607871,6.88608747800856E-09,0,0,0,14.915686269307,0.0764665166563375,9.12167652065705E-09,4.95992948720038E-09,0.0232286206330041,-7.27273167193012E-08,0.0744692392989276,0,0,0,0,0,0,package://robot_pick_robot11/meshes/arm_link2.STL,0.866666666666667,0.909803921568627,1,1,0,0,0,0,0,0,package://robot_pick_robot11/meshes/arm_link2.STL,,DOBOT CR5Model (2)-1/25-JIONT_ASM_4_ASM_CR5-MODLE(2)_CR5-MODLE-1-1/25-BODY_5_25-JIONT_ASM_4_ASM_CR5-MODLE(2)_CR5-MODLE-1;DOBOT CR5Model (2)-1/L-ARM_3_CR5-MODLE(2)_CR5-MODLE-1;DOBOT CR5Model (2)-1/25-JIONT_ASM_4_ASM_CR5-MODLE(2)_CR5-MODLE-2-1/25-BODY_5_25-JIONT_ASM_4_ASM_CR5-MODLE(2)_CR5-MODLE-1;DOBOT CR5Model (2)-1/25-JIONT_ASM_4_ASM_CR5-MODLE(2)_CR5-MODLE-1-1/25-COVER_5_25-JIONT_ASM_4_ASM_CR5-MODLE(2)_CR5-MODLE-1;DOBOT CR5Model (2)-1/25-JIONT_ASM_4_ASM_CR5-MODLE(2)_CR5-MODLE-2-1/25-COVER_5_25-JIONT_ASM_4_ASM_CR5-MODLE(2)_CR5-MODLE-1;DOBOT CR5Model (2)-1/25-JIONT_ASM_4_ASM_CR5-MODLE(2)_CR5-MODLE-2-1/25-TRIM_4_25-JIONT_ASM_4_ASM_CR5-MODLE(2)_CR5-MODLE-1;DOBOT CR5Model (2)-1/25-JIONT_ASM_4_ASM_CR5-MODLE(2)_CR5-MODLE-1-1/25-TRIM_4_25-JIONT_ASM_4_ASM_CR5-MODLE(2)_CR5-MODLE-1,Origin_arm_joint2,基准轴9 <DOBOT CR5Model (2)-1>,arm_joint2,revolute,0.08,0,0.0765,1.5708,0,3.1416,arm_link1,-1,0,0,90,2,-2.3562,2.3562,,,0.1,0.05,,,,
arm_link3,0.0478063347357446,2.4353093763807E-07,0.152311271193547,0,0,0,7.70449749053344,0.0257989398997369,-2.14440451838229E-08,0.000333799520967906,0.0251008790265547,-4.90340389529817E-08,0.00880416564198257,0,0,0,0,0,0,package://robot_pick_robot11/meshes/arm_link3.STL,0.866666666666667,0.909803921568627,1,1,0,0,0,0,0,0,package://robot_pick_robot11/meshes/arm_link3.STL,,DOBOT CR5Model (2)-1/U-ARM_ASM_3_ASM_CR5-MODLE(2)_CR5-MODLE-1/ADAPTE-JIONT_3_U-ARM_ASM_3_ASM_CR5-MODLE(2)_CR5-MODLE-1;DOBOT CR5Model (2)-1/U-ARM_ASM_3_ASM_CR5-MODLE(2)_CR5-MODLE-1/U-ARM_2_U-ARM_ASM_3_ASM_CR5-MODLE(2)_CR5-MODLE-1;DOBOT CR5Model (2)-1/14-JIONT_ASM_4_ASM_CR5-MODLE(2)_CR5-MODLE-1/14-BODY_6_14-JIONT_ASM_4_ASM_CR5-MODLE(2)_CR5-MODLE-1;DOBOT CR5Model (2)-1/14-JIONT_ASM_4_ASM_CR5-MODLE(2)_CR5-MODLE-1/14-TRIM_3_14-JIONT_ASM_4_ASM_CR5-MODLE(2)_CR5-MODLE-1;DOBOT CR5Model (2)-1/14-JIONT_ASM_4_ASM_CR5-MODLE(2)_CR5-MODLE-1/14-COVER_3_14-JIONT_ASM_4_ASM_CR5-MODLE(2)_CR5-MODLE-1,Origin_arm_joint3,基准轴6 <DOBOT CR5Model (2)-1>,arm_joint3,revolute,0,0.427,0,-1.5708,0,0,arm_link2,-1,0,0,50,2.6,-2.7925,2.7925,,,0.1,0.05,,,,
arm_link4,-0.0464456633096695,-4.01993581311544E-07,-0.00207814484948265,0,0,0,1.81046440468172,0.00176488009253743,-1.61696294256619E-08,-0.000299182046055117,0.00180734786567493,1.01030875524271E-08,0.00176641448562357,0,0,0,0,0,0,package://robot_pick_robot11/meshes/arm_link4.STL,0.866666666666667,0.909803921568627,1,1,0,0,0,0,0,0,package://robot_pick_robot11/meshes/arm_link4.STL,,DOBOT CR5Model (2)-1/14-JIONT_ASM_4_ASM_CR5-MODLE(2)_CR5-MODLE-1-1/14-BODY_6_14-JIONT_ASM_4_ASM_CR5-MODLE(2)_CR5-MODLE-1;DOBOT CR5Model (2)-1/14-JIONT_ASM_4_ASM_CR5-MODLE(2)_CR5-MODLE-1-1/14-COVER_3_14-JIONT_ASM_4_ASM_CR5-MODLE(2)_CR5-MODLE-1;DOBOT CR5Model (2)-1/14-JIONT_ASM_4_ASM_CR5-MODLE(2)_CR5-MODLE-1-1/14-TRIM_3_14-JIONT_ASM_4_ASM_CR5-MODLE(2)_CR5-MODLE-1,Origin_arm_joint4,基准轴3 <DOBOT CR5Model (2)-1>,arm_joint4,revolute,-0.0225,0,0.357,3.1416,0,0,arm_link3,-1,0,0,30,2.6,-3.1416,3.1416,,,0.1,0.05,,,,
arm_link5,-0.046893983132229,3.91806491695235E-08,-0.0114913726393613,0,0,0,2.38755444186569,0.00214130179461355,-2.61146443536667E-08,-0.000321624746638885,0.00218353799507811,1.80941609359923E-08,0.00227185480656039,0,0,0,0,0,0,package://robot_pick_robot11/meshes/arm_link5.STL,0.866666666666667,0.909803921568627,1,1,0,0,0,0,0,0,package://robot_pick_robot11/meshes/arm_link5.STL,,DOBOT CR5Model (2)-1/J6_ASM_7_ASM_CR5-MODLE(2)_CR5-MODLE-1/14-BODY_6_J6_ASM_7_ASM_CR5-MODLE(2)_CR5-MODLE-1;DOBOT CR5Model (2)-1/J6_ASM_7_ASM_CR5-MODLE(2)_CR5-MODLE-1/J6-COVER_3_J6_ASM_7_ASM_CR5-MODLE(2)_CR5-MODLE-1;DOBOT CR5Model (2)-1/J6_ASM_7_ASM_CR5-MODLE(2)_CR5-MODLE-1/J6-TRIM_1_J6_ASM_7_ASM_CR5-MODLE(2)_CR5-MODLE-1;DOBOT CR5Model (2)-1/J6_ASM_7_ASM_CR5-MODLE(2)_CR5-MODLE-1/FLANGE_2_J6_ASM_7_ASM_CR5-MODLE(2)_CR5-MODLE-1;DOBOT CR5Model (2)-1/J6_ASM_7_ASM_CR5-MODLE(2)_CR5-MODLE-1/IO_2_J6_ASM_7_ASM_CR5-MODLE(2)_CR5-MODLE-1,Origin_arm_joint5,基准轴2 <DOBOT CR5Model (2)-1>,arm_joint5,revolute,-0.048,0,-0.068,0,-1.5708,0,arm_link4,-1,0,0,10,3.7,-3.1416,3.1416,,,0.1,0.05,,,,
gripper_Link,-0.0826541928873985,-0.000367370062998695,-0.00111656465248244,0,0,0,0.115111713524023,0.000228455550836827,2.1454898924898E-07,-6.05918442314392E-12,0.000214229448485032,-6.95158912361647E-07,3.94763669113224E-05,0,0,0,0,0,0,package://robot_pick_robot11/meshes/gripper_Link.STL,1,1,1,1,0,0,0,0,0,0,package://robot_pick_robot11/meshes/gripper_Link.STL,,____________1-1/20240430_asm(2)_____________-1/3202010754_20240430_asm(2)_____________-1;____________1-1/20240430_asm(2)_____________-1/5-19000_20240430_asm(2)_____________-1;____________1-1/20240430_asm(2)_____________-1/_500_20240430_asm(2)_____________-2;____________1-1/20240430_asm(2)_____________-1/_500_20240430_asm(2)_____________-3;____________1-1/20240430_asm(2)_____________-1/_500_20240430_asm(2)_____________-4;____________1-1/20240430_asm(2)_____________-1/3202010756_20240430_asm(2)_____________-1;____________1-1/20240430_asm(2)_____________-1/3202010757_20240430_asm(2)_____________-1;____________1-1/20240430_asm(2)_____________-1/3202010758_20240430_asm(2)_____________-1;____________1-1/20240430_asm(2)_____________-1/3202010758_20240430_asm(2)_____________-2;____________1-1/20240430_asm(2)_____________-1/3201005225_20240430_asm(2)_____________-1;____________1-1/20240430_asm(2)_____________-1/3201005225_20240430_asm(2)_____________-2;____________1-1/20240430_asm(2)_____________-1/3201005225_20240430_asm(2)_____________-3;____________1-1/20240430_asm(2)_____________-1/3201005225_20240430_asm(2)_____________-4;____________1-1/20240430_asm(2)_____________-1/M2_GB6170_20240430_asm(2)_____________-1;____________1-1/20240430_asm(2)_____________-1/M2_GB6170_20240430_asm(2)_____________-2;____________1-1/20240430_asm(2)_____________-1/M3X10_GB70_20240430_asm(2)_____________-1;____________1-1/20240430_asm(2)_____________-1/M3X10_GB70_20240430_asm(2)_____________-2;____________1-1/20240430_asm(2)_____________-1/M3X10_GB70_20240430_asm(2)_____________-3;____________1-1/20240430_asm(2)_____________-1/M3X10_GB70_20240430_asm(2)_____________-4;____________1-1/20240430_asm(2)_____________-1/M3_GB6170_20240430_asm(2)_____________-1;____________1-1/20240430_asm(2)_____________-1/M3_GB6170_20240430_asm(2)_____________-2;____________1-1/20240430_asm(2)_____________-1/M3_GB6170_20240430_asm(2)_____________-3;____________1-1/20240430_asm(2)_____________-1/M3_GB6170_20240430_asm(2)_____________-4;____________1-1/20240430_asm(2)_____________-1/M3X14_GB70_20240430_asm(2)_____________-1;____________1-1/20240430_asm(2)_____________-1/M3X14_GB70_20240430_asm(2)_____________-2;____________1-1/20240430_asm(2)_____________-1/M3X14_GB70_20240430_asm(2)_____________-3;____________1-1/20240430_asm(2)_____________-1/M3X14_GB70_20240430_asm(2)_____________-4;____________1-1/20240430_asm(2)_____________-1/M3X14_GB70_20240430_asm(2)_____________-5;____________1-1/20240430_asm(2)_____________-1/M3X14_GB70_20240430_asm(2)_____________-6;____________1-1/20240430_asm(2)_____________-1/M3_GB6170_20240430_asm(2)_____________-5;____________1-1/20240430_asm(2)_____________-1/M3_GB6170_20240430_asm(2)_____________-6;____________1-1/20240430_asm(2)_____________-1/0001_20240430_asm(2)_____________-1;____________1-1/20240430_asm(2)_____________-1/M3X10_GB70_20240430_asm(2)_____________-5;____________1-1/20240430_asm(2)_____________-1/M3X10_GB70_20240430_asm(2)_____________-6;____________1-1/20240430_asm(2)_____________-1/5-19000_20240430_asm(2)_____________-2;____________1-1/20240430_asm(2)_____________-1/_500_20240430_asm(2)_____________-1,Origin_gripper_joint,基准轴1 <DOBOT CR5Model (2)-1>,gripper_joint,revolute,-0.048,0,-0.083,1.5708,-1.5708,0,arm_link5,1,0,0,20,2,-3.1416,3.1416,,,0.1,0.05,,,,
camera_Link,-0.000803740525782942,-0.022345292003549,0.00189627564202399,0,0,0,0.00453084620416929,9.17763743610195E-07,1.75127975222215E-09,-3.45012713064584E-08,5.82918959718128E-07,3.25042217804348E-09,9.02899253138205E-07,0,0,0,0,0,0,package://robot_pick_robot11/meshes/camera_Link.STL,1,1,1,1,0,0,0,0,0,0,package://robot_pick_robot11/meshes/camera_Link.STL,,____________1-1/20240430_asm(2)_____________-1/_20001_ASM_20240430_asm(2)_____________-1/M3X6_GB70__20001_ASM_20240430_asm(2)_____________-3;____________1-1/20240430_asm(2)_____________-1/_20001_ASM_20240430_asm(2)_____________-1/3204000869__20001_ASM_20240430_asm(2)_____________-1;____________1-1/20240430_asm(2)_____________-1/_20001_ASM_20240430_asm(2)_____________-1/3204000868__20001_ASM_20240430_asm(2)_____________-1;____________1-1/20240430_asm(2)_____________-1/_20001_ASM_20240430_asm(2)_____________-1/M3X6_GB70__20001_ASM_20240430_asm(2)_____________-2;____________1-1/20240430_asm(2)_____________-1/_20001_ASM_20240430_asm(2)_____________-1/M3X6_GB70__20001_ASM_20240430_asm(2)_____________-1;____________1-1/20240430_asm(2)_____________-1/_20001_ASM_20240430_asm(2)_____________-1/3204000912__20001_ASM_20240430_asm(2)_____________-1;____________1-1/20240430_asm(2)_____________-1/_20001_ASM_20240430_asm(2)_____________-1/M3X6_GB70__20001_ASM_20240430_asm(2)_____________-6;____________1-1/20240430_asm(2)_____________-1/_20001_ASM_20240430_asm(2)_____________-1/M3X6_GB70__20001_ASM_20240430_asm(2)_____________-5;____________1-1/20240430_asm(2)_____________-1/_20001_ASM_20240430_asm(2)_____________-1/M3X6_GB70__20001_ASM_20240430_asm(2)_____________-4,Origin_camera_joint,Axis_camera_joint,camera_joint,fixed,-0.0400000000000365,0.0485000000000264,-0.0225,-1.5707963267949,0,0,gripper_Link,0,0,0,,,,,,,,,,,,
camera_option_Link,-8.27600293560327E-05,-0.000518418102922302,0.0113997621610378,0,0,0,0.0387408552979231,7.10415005622584E-06,-1.66104223275739E-10,1.50899324908922E-08,7.11469471332295E-06,-1.30959073974302E-07,1.08407629088803E-05,0,0,0,0,0,0,package://robot_pick_robot11/meshes/camera_option_Link.STL,1,1,1,1,0,0,0,0,0,0,package://robot_pick_robot11/meshes/camera_option_Link.STL,,____________1-1/20240430_asm(2)_____________-1/_20001_ASM_20240430_asm(2)_____________-1/D405_SOLID_SLDPRT_ASM__20001_ASM_20240430_asm(2)_____________-1/D405_SOLID_SLDPRT_1_ASM_D405_SOLID_SLDPRT_ASM__20001_ASM_20240430_asm(2)_____________-1/D405_SOLID_SLDPRT_2_D405_SOLID_SLDPRT_1_ASM_D405_SOLID_SLDPRT_ASM__20001_ASM_20240430_asm(2)_____________-1,Origin_camera_option_joint,,camera_option_joint,fixed,-0.017221,-0.0195,0.037803,-1.5898,0,-1.5708,camera_Link,0,0,0,,,,,,,,,,,,
gripper_left_finger_Link,0.0261108219846026,-4.53837545322244E-09,0.014130717860668,0,0,0,0.0535754087915458,1.17617706423657E-05,6.98661217438493E-12,3.78288135832572E-06,2.23155077071211E-05,4.11082963172103E-12,2.90042566381589E-05,0,0,0,0,0,0,package://robot_pick_robot11/meshes/gripper_left_finger_Link.STL,1,1,1,1,0,0,0,0,0,0,package://robot_pick_robot11/meshes/gripper_left_finger_Link.STL,,____________1-1/20240430_asm(2)_____________-1/3202010759_20240430_asm(2)_____________-1;____________1-1/20240430_asm(2)_____________-1/3202010755_20240430_asm(2)_____________-1,Origin_gripper_left_finger_joint,,gripper_left_finger_joint,prismatic,-0.169,0,-0.063034,0,0,0,gripper_Link,0,0,1,20,2,0,0.8,,,0.1,0.05,,,,
gripper_right_finger_Link,-0.019389178015423,4.53830661939492E-09,0.0088692821393157,0,0,0,0.0535754087915454,1.17617706423783E-05,-6.98662826213892E-12,-3.78288135835418E-06,2.23155077071208E-05,4.11082247688061E-12,2.90042566381463E-05,0,0,0,0,0,0,package://robot_pick_robot11/meshes/gripper_right_finger_Link.STL,1,1,1,1,0,0,0,0,0,0,package://robot_pick_robot11/meshes/gripper_right_finger_Link.STL,,____________1-1/20240430_asm(2)_____________-1/3202010755_20240430_asm(2)_____________-2;____________1-1/20240430_asm(2)_____________-1/3202010759_20240430_asm(2)_____________-2,Origin_gripper_right_finger_Link,,gripper_right_finger_Link,prismatic,-0.1235,0,0.040034,0,0,0,gripper_Link,0,0,0,20,2,0,0.8,,,0.1,0.05,,,,
